{
  "project_info": {
    "project_number": "256148410451",
    "project_id": "notes-pro-64361",
    "storage_bucket": "notes-pro-64361.firebasestorage.app"
  },
  "client": [
    {
      "client_info": {
        "mobilesdk_app_id": "1:256148410451:android:c51d04d7ec5ee57e42b6a6",
        "android_client_info": {
          "package_name": "com.example.notespro"
        }
      },
      "oauth_client": [],
      "api_key": [
        {
          "current_key": "AIzaSyDSD9LMZ9wwAi3nrnwQ6imSpcnnGeRoLOQ"
        }
      ],
      "services": {
        "appinvite_service": {
          "other_platform_oauth_client": []
        }
      }
    }
  ],
  "configuration_version": "1"
}